-- MySQL dump 10.13  Distrib 5.7.12, for Win64 (x86_64)
--
-- Host: localhost    Database: dondeinvierto
-- ------------------------------------------------------
-- Server version	5.7.17-log

/*!40101 SET @OLD_CHARACTER_SET_CLIENT=@@CHARACTER_SET_CLIENT */;
/*!40101 SET @OLD_CHARACTER_SET_RESULTS=@@CHARACTER_SET_RESULTS */;
/*!40101 SET @OLD_COLLATION_CONNECTION=@@COLLATION_CONNECTION */;
/*!40101 SET NAMES utf8 */;
/*!40103 SET @OLD_TIME_ZONE=@@TIME_ZONE */;
/*!40103 SET TIME_ZONE='+00:00' */;
/*!40014 SET @OLD_UNIQUE_CHECKS=@@UNIQUE_CHECKS, UNIQUE_CHECKS=0 */;
/*!40014 SET @OLD_FOREIGN_KEY_CHECKS=@@FOREIGN_KEY_CHECKS, FOREIGN_KEY_CHECKS=0 */;
/*!40101 SET @OLD_SQL_MODE=@@SQL_MODE, SQL_MODE='NO_AUTO_VALUE_ON_ZERO' */;
/*!40111 SET @OLD_SQL_NOTES=@@SQL_NOTES, SQL_NOTES=0 */;

--
-- Table structure for table `cuenta_empresa`
--

DROP TABLE IF EXISTS `cuenta_empresa`;
/*!40101 SET @saved_cs_client     = @@character_set_client */;
/*!40101 SET character_set_client = utf8 */;
CREATE TABLE `cuenta_empresa` (
  `id` int(10) unsigned NOT NULL AUTO_INCREMENT,
  `cuenta_id` int(11) NOT NULL,
  `empresa_id` int(11) NOT NULL,
  `periodo` varchar(255) COLLATE utf8mb4_unicode_ci NOT NULL,
  `monto` double NOT NULL,
  `created_at` timestamp NULL DEFAULT NULL,
  `updated_at` timestamp NULL DEFAULT NULL,
  PRIMARY KEY (`id`)
) ENGINE=InnoDB AUTO_INCREMENT=3007 DEFAULT CHARSET=utf8mb4 COLLATE=utf8mb4_unicode_ci;
/*!40101 SET character_set_client = @saved_cs_client */;

--
-- Dumping data for table `cuenta_empresa`
--

LOCK TABLES `cuenta_empresa` WRITE;
/*!40000 ALTER TABLE `cuenta_empresa` DISABLE KEYS */;
INSERT INTO `cuenta_empresa` VALUES (2707,124,130,'2013',25791,'2017-05-30 07:00:50','2017-05-30 07:00:50'),(2708,125,130,'2013',7627,'2017-05-30 07:00:50','2017-05-30 07:00:50'),(2709,126,130,'2013',29.13,'2017-05-30 07:00:50','2017-05-30 07:00:50'),(2710,127,130,'2013',0,'2017-05-30 07:00:51','2017-05-30 07:00:51'),(2711,128,130,'2013',51.32,'2017-05-30 07:00:51','2017-05-30 07:00:51'),(2712,124,130,'2014',23098,'2017-05-30 07:00:51','2017-05-30 07:00:51'),(2713,125,130,'2014',7453,'2017-05-30 07:00:51','2017-05-30 07:00:51'),(2714,126,130,'2014',26.43,'2017-05-30 07:00:51','2017-05-30 07:00:51'),(2715,127,130,'2014',0,'2017-05-30 07:00:51','2017-05-30 07:00:51'),(2716,128,130,'2014',56.21,'2017-05-30 07:00:51','2017-05-30 07:00:51'),(2717,124,130,'2015',24789,'2017-05-30 07:00:51','2017-05-30 07:00:51'),(2718,125,130,'2015',7901,'2017-05-30 07:00:51','2017-05-30 07:00:51'),(2719,126,130,'2015',27.41,'2017-05-30 07:00:51','2017-05-30 07:00:51'),(2720,127,130,'2015',0,'2017-05-30 07:00:51','2017-05-30 07:00:51'),(2721,128,130,'2015',50.23,'2017-05-30 07:00:51','2017-05-30 07:00:51'),(2722,124,130,'2016',25738,'2017-05-30 07:00:51','2017-05-30 07:00:51'),(2723,125,130,'2016',7935,'2017-05-30 07:00:51','2017-05-30 07:00:51'),(2724,126,130,'2016',28.28,'2017-05-30 07:00:51','2017-05-30 07:00:51'),(2725,127,130,'2016',0,'2017-05-30 07:00:51','2017-05-30 07:00:51'),(2726,128,130,'2016',53.21,'2017-05-30 07:00:51','2017-05-30 07:00:51'),(2727,124,131,'2013',33627,'2017-05-30 07:00:51','2017-05-30 07:00:51'),(2728,125,131,'2013',7627,'2017-05-30 07:00:52','2017-05-30 07:00:52'),(2729,126,131,'2013',29.23,'2017-05-30 07:00:52','2017-05-30 07:00:52'),(2730,127,131,'2013',0,'2017-05-30 07:00:52','2017-05-30 07:00:52'),(2731,128,131,'2013',51.32,'2017-05-30 07:00:52','2017-05-30 07:00:52'),(2732,124,131,'2014',33462,'2017-05-30 07:00:52','2017-05-30 07:00:52'),(2733,125,131,'2014',7453,'2017-05-30 07:00:52','2017-05-30 07:00:52'),(2734,126,131,'2014',26.23,'2017-05-30 07:00:52','2017-05-30 07:00:52'),(2735,127,131,'2014',0,'2017-05-30 07:00:52','2017-05-30 07:00:52'),(2736,128,131,'2014',56.21,'2017-05-30 07:00:52','2017-05-30 07:00:52'),(2737,124,131,'2015',32637,'2017-05-30 07:00:52','2017-05-30 07:00:52'),(2738,125,131,'2015',7901,'2017-05-30 07:00:52','2017-05-30 07:00:52'),(2739,126,131,'2015',27.41,'2017-05-30 07:00:52','2017-05-30 07:00:52'),(2740,127,131,'2015',0,'2017-05-30 07:00:52','2017-05-30 07:00:52'),(2741,128,131,'2015',50.23,'2017-05-30 07:00:52','2017-05-30 07:00:52'),(2742,124,131,'2016',31752,'2017-05-30 07:00:52','2017-05-30 07:00:52'),(2743,125,131,'2016',7935,'2017-05-30 07:00:52','2017-05-30 07:00:52'),(2744,126,131,'2016',28.28,'2017-05-30 07:00:52','2017-05-30 07:00:52'),(2745,127,131,'2016',0,'2017-05-30 07:00:52','2017-05-30 07:00:52'),(2746,128,131,'2016',53.21,'2017-05-30 07:00:52','2017-05-30 07:00:52'),(2767,124,133,'2013',14672,'2017-05-30 07:00:54','2017-05-30 07:00:54'),(2768,125,133,'2013',7627,'2017-05-30 07:00:54','2017-05-30 07:00:54'),(2769,126,133,'2013',29.13,'2017-05-30 07:00:54','2017-05-30 07:00:54'),(2770,127,133,'2013',0,'2017-05-30 07:00:54','2017-05-30 07:00:54'),(2771,128,133,'2013',51.32,'2017-05-30 07:00:54','2017-05-30 07:00:54'),(2772,124,133,'2014',13829,'2017-05-30 07:00:54','2017-05-30 07:00:54'),(2773,125,133,'2014',7453,'2017-05-30 07:00:54','2017-05-30 07:00:54'),(2774,126,133,'2014',26.43,'2017-05-30 07:00:54','2017-05-30 07:00:54'),(2775,127,133,'2014',0,'2017-05-30 07:00:54','2017-05-30 07:00:54'),(2776,128,133,'2014',56.21,'2017-05-30 07:00:54','2017-05-30 07:00:54'),(2777,124,133,'2015',15728,'2017-05-30 07:00:54','2017-05-30 07:00:54'),(2778,125,133,'2015',7901,'2017-05-30 07:00:54','2017-05-30 07:00:54'),(2779,126,133,'2015',27.41,'2017-05-30 07:00:54','2017-05-30 07:00:54'),(2780,127,133,'2015',0,'2017-05-30 07:00:54','2017-05-30 07:00:54'),(2781,128,133,'2015',50.23,'2017-05-30 07:00:54','2017-05-30 07:00:54'),(2782,124,133,'2016',14782,'2017-05-30 07:00:55','2017-05-30 07:00:55'),(2783,125,133,'2016',7935,'2017-05-30 07:00:55','2017-05-30 07:00:55'),(2784,126,133,'2016',28.28,'2017-05-30 07:00:55','2017-05-30 07:00:55'),(2785,127,133,'2016',0,'2017-05-30 07:00:55','2017-05-30 07:00:55'),(2786,128,133,'2016',53.21,'2017-05-30 07:00:55','2017-05-30 07:00:55'),(2787,124,134,'2013',27481,'2017-05-30 07:00:55','2017-05-30 07:00:55'),(2788,125,134,'2013',7627,'2017-05-30 07:00:55','2017-05-30 07:00:55'),(2789,126,134,'2013',29.13,'2017-05-30 07:00:55','2017-05-30 07:00:55'),(2790,127,134,'2013',0,'2017-05-30 07:00:55','2017-05-30 07:00:55'),(2791,128,134,'2013',51.32,'2017-05-30 07:00:55','2017-05-30 07:00:55'),(2792,124,134,'2014',28417,'2017-05-30 07:00:55','2017-05-30 07:00:55'),(2793,125,134,'2014',7453,'2017-05-30 07:00:55','2017-05-30 07:00:55'),(2794,126,134,'2014',26.43,'2017-05-30 07:00:55','2017-05-30 07:00:55'),(2795,127,134,'2014',0,'2017-05-30 07:00:55','2017-05-30 07:00:55'),(2796,128,134,'2014',56.21,'2017-05-30 07:00:55','2017-05-30 07:00:55'),(2797,124,134,'2015',19288,'2017-05-30 07:00:55','2017-05-30 07:00:55'),(2798,125,134,'2015',7901,'2017-05-30 07:00:55','2017-05-30 07:00:55'),(2799,126,134,'2015',27.41,'2017-05-30 07:00:55','2017-05-30 07:00:55'),(2800,127,134,'2015',0,'2017-05-30 07:00:55','2017-05-30 07:00:55'),(2801,128,134,'2015',50.23,'2017-05-30 07:00:56','2017-05-30 07:00:56'),(2802,124,134,'2016',20994,'2017-05-30 07:00:56','2017-05-30 07:00:56'),(2803,125,134,'2016',7935,'2017-05-30 07:00:56','2017-05-30 07:00:56'),(2804,126,134,'2016',28.28,'2017-05-30 07:00:56','2017-05-30 07:00:56'),(2805,127,134,'2016',0,'2017-05-30 07:00:56','2017-05-30 07:00:56'),(2806,128,134,'2016',53.21,'2017-05-30 07:00:56','2017-05-30 07:00:56'),(2807,124,130,'2013',25791,'2017-05-30 07:27:00','2017-05-30 07:27:00'),(2808,125,130,'2013',7627,'2017-05-30 07:27:00','2017-05-30 07:27:00'),(2809,126,130,'2013',29.13,'2017-05-30 07:27:01','2017-05-30 07:27:01'),(2810,127,130,'2013',0,'2017-05-30 07:27:01','2017-05-30 07:27:01'),(2811,128,130,'2013',51.32,'2017-05-30 07:27:01','2017-05-30 07:27:01'),(2812,124,130,'2014',23098,'2017-05-30 07:27:01','2017-05-30 07:27:01'),(2813,125,130,'2014',7453,'2017-05-30 07:27:01','2017-05-30 07:27:01'),(2814,126,130,'2014',26.43,'2017-05-30 07:27:01','2017-05-30 07:27:01'),(2815,127,130,'2014',0,'2017-05-30 07:27:01','2017-05-30 07:27:01'),(2816,128,130,'2014',56.21,'2017-05-30 07:27:01','2017-05-30 07:27:01'),(2817,124,130,'2015',24789,'2017-05-30 07:27:01','2017-05-30 07:27:01'),(2818,125,130,'2015',7901,'2017-05-30 07:27:01','2017-05-30 07:27:01'),(2819,126,130,'2015',27.41,'2017-05-30 07:27:01','2017-05-30 07:27:01'),(2820,127,130,'2015',0,'2017-05-30 07:27:01','2017-05-30 07:27:01'),(2821,128,130,'2015',50.23,'2017-05-30 07:27:01','2017-05-30 07:27:01'),(2822,124,130,'2016',25738,'2017-05-30 07:27:01','2017-05-30 07:27:01'),(2823,125,130,'2016',7935,'2017-05-30 07:27:01','2017-05-30 07:27:01'),(2824,126,130,'2016',28.28,'2017-05-30 07:27:01','2017-05-30 07:27:01'),(2825,127,130,'2016',0,'2017-05-30 07:27:01','2017-05-30 07:27:01'),(2826,128,130,'2016',53.21,'2017-05-30 07:27:01','2017-05-30 07:27:01'),(2827,124,131,'2013',33627,'2017-05-30 07:27:01','2017-05-30 07:27:01'),(2828,125,131,'2013',7627,'2017-05-30 07:27:02','2017-05-30 07:27:02'),(2829,126,131,'2013',29.23,'2017-05-30 07:27:02','2017-05-30 07:27:02'),(2830,127,131,'2013',0,'2017-05-30 07:27:02','2017-05-30 07:27:02'),(2831,128,131,'2013',51.32,'2017-05-30 07:27:02','2017-05-30 07:27:02'),(2832,124,131,'2014',33462,'2017-05-30 07:27:02','2017-05-30 07:27:02'),(2833,125,131,'2014',7453,'2017-05-30 07:27:02','2017-05-30 07:27:02'),(2834,126,131,'2014',26.23,'2017-05-30 07:27:02','2017-05-30 07:27:02'),(2835,127,131,'2014',0,'2017-05-30 07:27:02','2017-05-30 07:27:02'),(2836,128,131,'2014',56.21,'2017-05-30 07:27:02','2017-05-30 07:27:02'),(2837,124,131,'2015',32637,'2017-05-30 07:27:02','2017-05-30 07:27:02'),(2838,125,131,'2015',7901,'2017-05-30 07:27:02','2017-05-30 07:27:02'),(2839,126,131,'2015',27.41,'2017-05-30 07:27:02','2017-05-30 07:27:02'),(2840,127,131,'2015',0,'2017-05-30 07:27:02','2017-05-30 07:27:02'),(2841,128,131,'2015',50.23,'2017-05-30 07:27:02','2017-05-30 07:27:02'),(2842,124,131,'2016',31752,'2017-05-30 07:27:02','2017-05-30 07:27:02'),(2843,125,131,'2016',7935,'2017-05-30 07:27:02','2017-05-30 07:27:02'),(2844,126,131,'2016',28.28,'2017-05-30 07:27:02','2017-05-30 07:27:02'),(2845,127,131,'2016',0,'2017-05-30 07:27:02','2017-05-30 07:27:02'),(2846,128,131,'2016',53.21,'2017-05-30 07:27:02','2017-05-30 07:27:02'),(2867,124,133,'2013',14672,'2017-05-30 07:27:04','2017-05-30 07:27:04'),(2868,125,133,'2013',7627,'2017-05-30 07:27:04','2017-05-30 07:27:04'),(2869,126,133,'2013',29.13,'2017-05-30 07:27:04','2017-05-30 07:27:04'),(2870,127,133,'2013',0,'2017-05-30 07:27:04','2017-05-30 07:27:04'),(2871,128,133,'2013',51.32,'2017-05-30 07:27:04','2017-05-30 07:27:04'),(2872,124,133,'2014',13829,'2017-05-30 07:27:04','2017-05-30 07:27:04'),(2873,125,133,'2014',7453,'2017-05-30 07:27:04','2017-05-30 07:27:04'),(2874,126,133,'2014',26.43,'2017-05-30 07:27:04','2017-05-30 07:27:04'),(2875,127,133,'2014',0,'2017-05-30 07:27:04','2017-05-30 07:27:04'),(2876,128,133,'2014',56.21,'2017-05-30 07:27:04','2017-05-30 07:27:04'),(2877,124,133,'2015',15728,'2017-05-30 07:27:04','2017-05-30 07:27:04'),(2878,125,133,'2015',7901,'2017-05-30 07:27:04','2017-05-30 07:27:04'),(2879,126,133,'2015',27.41,'2017-05-30 07:27:04','2017-05-30 07:27:04'),(2880,127,133,'2015',0,'2017-05-30 07:27:05','2017-05-30 07:27:05'),(2881,128,133,'2015',50.23,'2017-05-30 07:27:05','2017-05-30 07:27:05'),(2882,124,133,'2016',14782,'2017-05-30 07:27:05','2017-05-30 07:27:05'),(2883,125,133,'2016',7935,'2017-05-30 07:27:05','2017-05-30 07:27:05'),(2884,126,133,'2016',28.28,'2017-05-30 07:27:05','2017-05-30 07:27:05'),(2885,127,133,'2016',0,'2017-05-30 07:27:05','2017-05-30 07:27:05'),(2886,128,133,'2016',53.21,'2017-05-30 07:27:05','2017-05-30 07:27:05'),(2887,124,134,'2013',27481,'2017-05-30 07:27:05','2017-05-30 07:27:05'),(2888,125,134,'2013',7627,'2017-05-30 07:27:05','2017-05-30 07:27:05'),(2889,126,134,'2013',29.13,'2017-05-30 07:27:05','2017-05-30 07:27:05'),(2890,127,134,'2013',0,'2017-05-30 07:27:05','2017-05-30 07:27:05'),(2891,128,134,'2013',51.32,'2017-05-30 07:27:05','2017-05-30 07:27:05'),(2892,124,134,'2014',28417,'2017-05-30 07:27:05','2017-05-30 07:27:05'),(2893,125,134,'2014',7453,'2017-05-30 07:27:05','2017-05-30 07:27:05'),(2894,126,134,'2014',26.43,'2017-05-30 07:27:05','2017-05-30 07:27:05'),(2895,127,134,'2014',0,'2017-05-30 07:27:05','2017-05-30 07:27:05'),(2896,128,134,'2014',56.21,'2017-05-30 07:27:05','2017-05-30 07:27:05'),(2897,124,134,'2015',19288,'2017-05-30 07:27:06','2017-05-30 07:27:06'),(2898,125,134,'2015',7901,'2017-05-30 07:27:06','2017-05-30 07:27:06'),(2899,126,134,'2015',27.41,'2017-05-30 07:27:06','2017-05-30 07:27:06'),(2900,127,134,'2015',0,'2017-05-30 07:27:06','2017-05-30 07:27:06'),(2901,128,134,'2015',50.23,'2017-05-30 07:27:06','2017-05-30 07:27:06'),(2902,124,134,'2016',20994,'2017-05-30 07:27:06','2017-05-30 07:27:06'),(2903,125,134,'2016',7935,'2017-05-30 07:27:06','2017-05-30 07:27:06'),(2904,126,134,'2016',28.28,'2017-05-30 07:27:06','2017-05-30 07:27:06'),(2905,127,134,'2016',0,'2017-05-30 07:27:06','2017-05-30 07:27:06'),(2906,128,134,'2016',53.21,'2017-05-30 07:27:06','2017-05-30 07:27:06'),(2907,124,130,'2013',25791,'2017-05-30 07:37:10','2017-05-30 07:37:10'),(2908,125,130,'2013',7627,'2017-05-30 07:37:10','2017-05-30 07:37:10'),(2909,126,130,'2013',29.13,'2017-05-30 07:37:10','2017-05-30 07:37:10'),(2910,127,130,'2013',0,'2017-05-30 07:37:10','2017-05-30 07:37:10'),(2911,128,130,'2013',51.32,'2017-05-30 07:37:10','2017-05-30 07:37:10'),(2912,124,130,'2014',23098,'2017-05-30 07:37:10','2017-05-30 07:37:10'),(2913,125,130,'2014',7453,'2017-05-30 07:37:10','2017-05-30 07:37:10'),(2914,126,130,'2014',26.43,'2017-05-30 07:37:10','2017-05-30 07:37:10'),(2915,127,130,'2014',0,'2017-05-30 07:37:10','2017-05-30 07:37:10'),(2916,128,130,'2014',56.21,'2017-05-30 07:37:10','2017-05-30 07:37:10'),(2917,124,130,'2015',24789,'2017-05-30 07:37:10','2017-05-30 07:37:10'),(2918,125,130,'2015',7901,'2017-05-30 07:37:10','2017-05-30 07:37:10'),(2919,126,130,'2015',27.41,'2017-05-30 07:37:10','2017-05-30 07:37:10'),(2920,127,130,'2015',0,'2017-05-30 07:37:10','2017-05-30 07:37:10'),(2921,128,130,'2015',50.23,'2017-05-30 07:37:10','2017-05-30 07:37:10'),(2922,124,130,'2016',25738,'2017-05-30 07:37:10','2017-05-30 07:37:10'),(2923,125,130,'2016',7935,'2017-05-30 07:37:10','2017-05-30 07:37:10'),(2924,126,130,'2016',28.28,'2017-05-30 07:37:11','2017-05-30 07:37:11'),(2925,127,130,'2016',0,'2017-05-30 07:37:11','2017-05-30 07:37:11'),(2926,128,130,'2016',53.21,'2017-05-30 07:37:11','2017-05-30 07:37:11'),(2927,124,131,'2013',33627,'2017-05-30 07:37:11','2017-05-30 07:37:11'),(2928,125,131,'2013',7627,'2017-05-30 07:37:11','2017-05-30 07:37:11'),(2929,126,131,'2013',29.23,'2017-05-30 07:37:11','2017-05-30 07:37:11'),(2930,127,131,'2013',0,'2017-05-30 07:37:11','2017-05-30 07:37:11'),(2931,128,131,'2013',51.32,'2017-05-30 07:37:11','2017-05-30 07:37:11'),(2932,124,131,'2014',33462,'2017-05-30 07:37:11','2017-05-30 07:37:11'),(2933,125,131,'2014',7453,'2017-05-30 07:37:11','2017-05-30 07:37:11'),(2934,126,131,'2014',26.23,'2017-05-30 07:37:11','2017-05-30 07:37:11'),(2935,127,131,'2014',0,'2017-05-30 07:37:11','2017-05-30 07:37:11'),(2936,128,131,'2014',56.21,'2017-05-30 07:37:11','2017-05-30 07:37:11'),(2937,124,131,'2015',32637,'2017-05-30 07:37:11','2017-05-30 07:37:11'),(2938,125,131,'2015',7901,'2017-05-30 07:37:11','2017-05-30 07:37:11'),(2939,126,131,'2015',27.41,'2017-05-30 07:37:11','2017-05-30 07:37:11'),(2940,127,131,'2015',0,'2017-05-30 07:37:11','2017-05-30 07:37:11'),(2941,128,131,'2015',50.23,'2017-05-30 07:37:11','2017-05-30 07:37:11'),(2942,124,131,'2016',31752,'2017-05-30 07:37:11','2017-05-30 07:37:11'),(2943,125,131,'2016',7935,'2017-05-30 07:37:11','2017-05-30 07:37:11'),(2944,126,131,'2016',28.28,'2017-05-30 07:37:11','2017-05-30 07:37:11'),(2945,127,131,'2016',0,'2017-05-30 07:37:11','2017-05-30 07:37:11'),(2946,128,131,'2016',53.21,'2017-05-30 07:37:11','2017-05-30 07:37:11'),(2967,124,133,'2013',14672,'2017-05-30 07:37:13','2017-05-30 07:37:13'),(2968,125,133,'2013',7627,'2017-05-30 07:37:13','2017-05-30 07:37:13'),(2969,126,133,'2013',29.13,'2017-05-30 07:37:13','2017-05-30 07:37:13'),(2970,127,133,'2013',0,'2017-05-30 07:37:13','2017-05-30 07:37:13'),(2971,128,133,'2013',51.32,'2017-05-30 07:37:13','2017-05-30 07:37:13'),(2972,124,133,'2014',13829,'2017-05-30 07:37:13','2017-05-30 07:37:13'),(2973,125,133,'2014',7453,'2017-05-30 07:37:13','2017-05-30 07:37:13'),(2974,126,133,'2014',26.43,'2017-05-30 07:37:13','2017-05-30 07:37:13'),(2975,127,133,'2014',0,'2017-05-30 07:37:13','2017-05-30 07:37:13'),(2976,128,133,'2014',56.21,'2017-05-30 07:37:13','2017-05-30 07:37:13'),(2977,124,133,'2015',15728,'2017-05-30 07:37:13','2017-05-30 07:37:13'),(2978,125,133,'2015',7901,'2017-05-30 07:37:13','2017-05-30 07:37:13'),(2979,126,133,'2015',27.41,'2017-05-30 07:37:13','2017-05-30 07:37:13'),(2980,127,133,'2015',0,'2017-05-30 07:37:13','2017-05-30 07:37:13'),(2981,128,133,'2015',50.23,'2017-05-30 07:37:13','2017-05-30 07:37:13'),(2982,124,133,'2016',14782,'2017-05-30 07:37:13','2017-05-30 07:37:13'),(2983,125,133,'2016',7935,'2017-05-30 07:37:13','2017-05-30 07:37:13'),(2984,126,133,'2016',28.28,'2017-05-30 07:37:13','2017-05-30 07:37:13'),(2985,127,133,'2016',0,'2017-05-30 07:37:13','2017-05-30 07:37:13'),(2986,128,133,'2016',53.21,'2017-05-30 07:37:13','2017-05-30 07:37:13'),(2987,124,134,'2013',27481,'2017-05-30 07:37:13','2017-05-30 07:37:13'),(2988,125,134,'2013',7627,'2017-05-30 07:37:14','2017-05-30 07:37:14'),(2989,126,134,'2013',29.13,'2017-05-30 07:37:14','2017-05-30 07:37:14'),(2990,127,134,'2013',0,'2017-05-30 07:37:14','2017-05-30 07:37:14'),(2991,128,134,'2013',51.32,'2017-05-30 07:37:14','2017-05-30 07:37:14'),(2992,124,134,'2014',28417,'2017-05-30 07:37:14','2017-05-30 07:37:14'),(2993,125,134,'2014',7453,'2017-05-30 07:37:14','2017-05-30 07:37:14'),(2994,126,134,'2014',26.43,'2017-05-30 07:37:14','2017-05-30 07:37:14'),(2995,127,134,'2014',0,'2017-05-30 07:37:14','2017-05-30 07:37:14'),(2996,128,134,'2014',56.21,'2017-05-30 07:37:14','2017-05-30 07:37:14'),(2997,124,134,'2015',19288,'2017-05-30 07:37:14','2017-05-30 07:37:14'),(2998,125,134,'2015',7901,'2017-05-30 07:37:14','2017-05-30 07:37:14'),(2999,126,134,'2015',27.41,'2017-05-30 07:37:14','2017-05-30 07:37:14'),(3000,127,134,'2015',0,'2017-05-30 07:37:14','2017-05-30 07:37:14'),(3001,128,134,'2015',50.23,'2017-05-30 07:37:14','2017-05-30 07:37:14'),(3002,124,134,'2016',20994,'2017-05-30 07:37:14','2017-05-30 07:37:14'),(3003,125,134,'2016',7935,'2017-05-30 07:37:15','2017-05-30 07:37:15'),(3004,126,134,'2016',28.28,'2017-05-30 07:37:15','2017-05-30 07:37:15'),(3005,127,134,'2016',0,'2017-05-30 07:37:15','2017-05-30 07:37:15'),(3006,128,134,'2016',53.21,'2017-05-30 07:37:15','2017-05-30 07:37:15');
/*!40000 ALTER TABLE `cuenta_empresa` ENABLE KEYS */;
UNLOCK TABLES;

--
-- Table structure for table `cuentas`
--

DROP TABLE IF EXISTS `cuentas`;
/*!40101 SET @saved_cs_client     = @@character_set_client */;
/*!40101 SET character_set_client = utf8 */;
CREATE TABLE `cuentas` (
  `id` int(10) unsigned NOT NULL AUTO_INCREMENT,
  `nombre` varchar(255) COLLATE utf8mb4_unicode_ci NOT NULL,
  `created_at` timestamp NULL DEFAULT NULL,
  `updated_at` timestamp NULL DEFAULT NULL,
  PRIMARY KEY (`id`)
) ENGINE=InnoDB AUTO_INCREMENT=129 DEFAULT CHARSET=utf8mb4 COLLATE=utf8mb4_unicode_ci;
/*!40101 SET character_set_client = @saved_cs_client */;

--
-- Dumping data for table `cuentas`
--

LOCK TABLES `cuentas` WRITE;
/*!40000 ALTER TABLE `cuentas` DISABLE KEYS */;
INSERT INTO `cuentas` VALUES (124,'EBITDA','2017-05-30 07:00:50','2017-05-30 07:00:50'),(125,'FDS','2017-05-30 07:00:50','2017-05-30 07:00:50'),(126,'FCF','2017-05-30 07:00:50','2017-05-30 07:00:50'),(127,'Discontinued Operations','2017-05-30 07:00:51','2017-05-30 07:00:51'),(128,'Continuing Operations','2017-05-30 07:00:51','2017-05-30 07:00:51');
/*!40000 ALTER TABLE `cuentas` ENABLE KEYS */;
UNLOCK TABLES;

--
-- Table structure for table `empresas`
--

DROP TABLE IF EXISTS `empresas`;
/*!40101 SET @saved_cs_client     = @@character_set_client */;
/*!40101 SET character_set_client = utf8 */;
CREATE TABLE `empresas` (
  `id` int(10) unsigned NOT NULL AUTO_INCREMENT,
  `nombre` varchar(255) COLLATE utf8mb4_unicode_ci NOT NULL,
  `created_at` timestamp NULL DEFAULT NULL,
  `updated_at` timestamp NULL DEFAULT NULL,
  PRIMARY KEY (`id`)
) ENGINE=InnoDB AUTO_INCREMENT=136 DEFAULT CHARSET=utf8mb4 COLLATE=utf8mb4_unicode_ci;
/*!40101 SET character_set_client = @saved_cs_client */;

--
-- Dumping data for table `empresas`
--

LOCK TABLES `empresas` WRITE;
/*!40000 ALTER TABLE `empresas` DISABLE KEYS */;
INSERT INTO `empresas` VALUES (130,'Facebook Inc.','2017-05-30 07:00:50','2017-05-30 07:00:50'),(131,'Apple Inc.','2017-05-30 07:00:51','2017-05-30 07:00:51'),(133,'Oracle Corp.','2017-05-30 07:00:54','2017-05-30 07:00:54'),(134,'Microsoft Corp.','2017-05-30 07:00:55','2017-05-30 07:00:55');
/*!40000 ALTER TABLE `empresas` ENABLE KEYS */;
UNLOCK TABLES;

--
-- Table structure for table `indicadores`
--

DROP TABLE IF EXISTS `indicadores`;
/*!40101 SET @saved_cs_client     = @@character_set_client */;
/*!40101 SET character_set_client = utf8 */;
CREATE TABLE `indicadores` (
  `id` int(10) unsigned NOT NULL AUTO_INCREMENT,
  `nombre` varchar(255) COLLATE utf8mb4_unicode_ci NOT NULL,
  `descripcion` varchar(255) COLLATE utf8mb4_unicode_ci DEFAULT NULL,
  `activo` int(11) NOT NULL,
  `formula` varchar(255) COLLATE utf8mb4_unicode_ci NOT NULL,
  `created_at` timestamp NULL DEFAULT NULL,
  `updated_at` timestamp NULL DEFAULT NULL,
  `elementosDeFormula` varchar(255) COLLATE utf8mb4_unicode_ci DEFAULT NULL,
  `predefinido` tinyint(1) DEFAULT NULL,
  PRIMARY KEY (`id`)
) ENGINE=InnoDB AUTO_INCREMENT=88 DEFAULT CHARSET=utf8mb4 COLLATE=utf8mb4_unicode_ci;
/*!40101 SET character_set_client = @saved_cs_client */;

--
-- Dumping data for table `indicadores`
--

LOCK TABLES `indicadores` WRITE;
/*!40000 ALTER TABLE `indicadores` DISABLE KEYS */;
INSERT INTO `indicadores` VALUES (72,'Predefinido 1','indicador predefinido 1',1,'9876.5','2017-05-30 04:02:43','2017-05-30 04:02:43',NULL,1),(73,'Predefinido 2','indicador predefinido 2',1,'1000','2017-05-30 04:02:43','2017-05-30 04:02:43',NULL,1),(74,'Predefinido 3','indicador predefinido 3',0,'250','2017-05-30 04:02:43','2017-05-30 04:02:43',NULL,1),(76,'Ingreso Total','Ingreso total.',1,'Continuing Operations+Discontinued Operations','2017-05-30 07:11:26','2017-05-30 07:11:26','127,128',NULL),(77,'ROE','Predefinido 1 por dos.',1,'2*Predefinido 1','2017-05-30 07:12:01','2017-05-30 07:16:23','72',NULL),(78,'Otro Total','',1,'555.55',NULL,NULL,NULL,NULL),(79,'TOTAL','Suma de todo.',1,'Predefinido 1+Predefinido 2+Ingreso Total+ROE+Otro Total','2017-05-30 07:14:11','2017-05-30 07:16:46','72,73,76,77,78',NULL),(81,'Indicador 25',NULL,1,'1111','2017-05-31 08:24:21','2017-05-31 08:24:21',NULL,NULL),(87,'MiIndicador',NULL,1,'(100+EBITDA)/FCF+Ingreso Total','2017-06-01 02:06:27','2017-06-01 02:06:54','124,126,76',NULL);
/*!40000 ALTER TABLE `indicadores` ENABLE KEYS */;
UNLOCK TABLES;

--
-- Table structure for table `migrations`
--

DROP TABLE IF EXISTS `migrations`;
/*!40101 SET @saved_cs_client     = @@character_set_client */;
/*!40101 SET character_set_client = utf8 */;
CREATE TABLE `migrations` (
  `id` int(10) unsigned NOT NULL AUTO_INCREMENT,
  `migration` varchar(255) COLLATE utf8mb4_unicode_ci NOT NULL,
  `batch` int(11) NOT NULL,
  PRIMARY KEY (`id`)
) ENGINE=InnoDB AUTO_INCREMENT=18 DEFAULT CHARSET=utf8mb4 COLLATE=utf8mb4_unicode_ci;
/*!40101 SET character_set_client = @saved_cs_client */;

--
-- Dumping data for table `migrations`
--

LOCK TABLES `migrations` WRITE;
/*!40000 ALTER TABLE `migrations` DISABLE KEYS */;
INSERT INTO `migrations` VALUES (1,'2014_10_12_000000_create_users_table',1),(2,'2014_10_12_100000_create_password_resets_table',1),(3,'2017_04_29_191618_create_empresas_table',1),(4,'2017_05_14_172629_create_empresas_table',2),(5,'2017_05_14_172726_create_cuentas_table',2),(6,'2017_05_14_175820_create_empresa_cuentas_table',3),(7,'2017_05_15_002511_create_users2_table',4),(8,'2017_05_15_002649_create_roles_table',4),(9,'2017_05_15_002753_create_role_user2_table',4),(10,'2017_05_15_015330_create_empresas_table',5),(11,'2017_05_15_015401_create_cuentas_table',5),(12,'2017_05_15_015446_create_cuenta_empresa_table',5),(13,'2017_05_21_232443_create_indicadores_table',6),(14,'2017_05_24_034949_add_column_to_table',7),(15,'2017_05_27_192541_set_nullable',8),(16,'2017_05_27_221318_set_nullable_description',9),(17,'2017_05_28_235536_add_column',10);
/*!40000 ALTER TABLE `migrations` ENABLE KEYS */;
UNLOCK TABLES;

--
-- Table structure for table `password_resets`
--

DROP TABLE IF EXISTS `password_resets`;
/*!40101 SET @saved_cs_client     = @@character_set_client */;
/*!40101 SET character_set_client = utf8 */;
CREATE TABLE `password_resets` (
  `email` varchar(255) COLLATE utf8mb4_unicode_ci NOT NULL,
  `token` varchar(255) COLLATE utf8mb4_unicode_ci NOT NULL,
  `created_at` timestamp NULL DEFAULT NULL,
  KEY `password_resets_email_index` (`email`)
) ENGINE=InnoDB DEFAULT CHARSET=utf8mb4 COLLATE=utf8mb4_unicode_ci;
/*!40101 SET character_set_client = @saved_cs_client */;

--
-- Dumping data for table `password_resets`
--

LOCK TABLES `password_resets` WRITE;
/*!40000 ALTER TABLE `password_resets` DISABLE KEYS */;
/*!40000 ALTER TABLE `password_resets` ENABLE KEYS */;
UNLOCK TABLES;

--
-- Table structure for table `roles`
--

DROP TABLE IF EXISTS `roles`;
/*!40101 SET @saved_cs_client     = @@character_set_client */;
/*!40101 SET character_set_client = utf8 */;
CREATE TABLE `roles` (
  `id` int(10) unsigned NOT NULL AUTO_INCREMENT,
  `rol` varchar(255) COLLATE utf8mb4_unicode_ci NOT NULL,
  `created_at` timestamp NULL DEFAULT NULL,
  `updated_at` timestamp NULL DEFAULT NULL,
  PRIMARY KEY (`id`)
) ENGINE=InnoDB AUTO_INCREMENT=4 DEFAULT CHARSET=utf8mb4 COLLATE=utf8mb4_unicode_ci;
/*!40101 SET character_set_client = @saved_cs_client */;

--
-- Dumping data for table `roles`
--

LOCK TABLES `roles` WRITE;
/*!40000 ALTER TABLE `roles` DISABLE KEYS */;
INSERT INTO `roles` VALUES (1,'admin','2017-05-15 03:59:55','2017-05-15 03:59:55'),(2,'editor','2017-05-15 04:00:39','2017-05-15 04:00:39'),(3,'autor','2017-05-15 04:00:47','2017-05-15 04:00:47');
/*!40000 ALTER TABLE `roles` ENABLE KEYS */;
UNLOCK TABLES;

--
-- Table structure for table `users`
--

DROP TABLE IF EXISTS `users`;
/*!40101 SET @saved_cs_client     = @@character_set_client */;
/*!40101 SET character_set_client = utf8 */;
CREATE TABLE `users` (
  `id` int(10) unsigned NOT NULL AUTO_INCREMENT,
  `name` varchar(255) COLLATE utf8mb4_unicode_ci NOT NULL,
  `email` varchar(255) COLLATE utf8mb4_unicode_ci NOT NULL,
  `password` varchar(255) COLLATE utf8mb4_unicode_ci NOT NULL,
  `remember_token` varchar(100) COLLATE utf8mb4_unicode_ci DEFAULT NULL,
  `created_at` timestamp NULL DEFAULT NULL,
  `updated_at` timestamp NULL DEFAULT NULL,
  PRIMARY KEY (`id`),
  UNIQUE KEY `users_email_unique` (`email`)
) ENGINE=InnoDB DEFAULT CHARSET=utf8mb4 COLLATE=utf8mb4_unicode_ci;
/*!40101 SET character_set_client = @saved_cs_client */;

--
-- Dumping data for table `users`
--

LOCK TABLES `users` WRITE;
/*!40000 ALTER TABLE `users` DISABLE KEYS */;
/*!40000 ALTER TABLE `users` ENABLE KEYS */;
UNLOCK TABLES;
/*!40103 SET TIME_ZONE=@OLD_TIME_ZONE */;

/*!40101 SET SQL_MODE=@OLD_SQL_MODE */;
/*!40014 SET FOREIGN_KEY_CHECKS=@OLD_FOREIGN_KEY_CHECKS */;
/*!40014 SET UNIQUE_CHECKS=@OLD_UNIQUE_CHECKS */;
/*!40101 SET CHARACTER_SET_CLIENT=@OLD_CHARACTER_SET_CLIENT */;
/*!40101 SET CHARACTER_SET_RESULTS=@OLD_CHARACTER_SET_RESULTS */;
/*!40101 SET COLLATION_CONNECTION=@OLD_COLLATION_CONNECTION */;
/*!40111 SET SQL_NOTES=@OLD_SQL_NOTES */;

-- Dump completed on 2017-05-31 20:48:37
